City_ID,City,Country,Date,Lat,Lng,Max Temp,Humidity,Cloudiness,Wind Speed
0,Bluff,NZ,2021-10-14 23:38:46,-46.6,168.3333,50.63,65,86,16.82
1,Ilulissat,GL,2021-10-14 23:39:14,69.2167,-51.1,32.02,93,97,3.44
2,Puerto Ayora,EC,2021-10-14 23:38:49,-0.7393,-90.3518,69.85,76,61,11.52
3,Georgetown,MY,2021-10-14 23:38:41,5.4112,100.3354,82.33,93,20,1.99
4,Xuchang,CN,2021-10-14 23:39:15,34.0167,113.8167,61.68,78,98,4.54
5,Itaqui,BR,2021-10-14 23:39:15,-29.1253,-56.5531,70.11,89,62,6.4
6,Thinadhoo,MV,2021-10-14 23:39:16,0.5333,72.9333,83.3,76,90,24.36
7,Vestmannaeyjar,IS,2021-10-14 23:39:16,63.4427,-20.2734,44.35,72,60,22.03
8,Souillac,MU,2021-10-14 23:39:17,-20.5167,57.5167,71.98,83,40,6.91
9,Hobart,AU,2021-10-14 23:37:43,-42.8794,147.3294,59.02,95,75,3.0
10,Mahebourg,MU,2021-10-14 23:39:17,-20.4081,57.7,71.89,83,40,6.91
11,Lebu,CL,2021-10-14 23:39:08,-37.6167,-73.65,47.53,68,9,8.48
12,Khatanga,RU,2021-10-14 23:39:03,71.9667,102.5,4.55,89,99,6.62
13,Ongandjera,NA,2021-10-14 23:39:18,-17.8833,15.0667,70.54,28,2,11.81
14,Saskylakh,RU,2021-10-14 23:39:07,71.9167,114.0833,2.71,92,100,9.75
15,Kaitangata,NZ,2021-10-14 23:38:39,-46.2817,169.8464,56.46,48,77,5.37
16,Yellowknife,CA,2021-10-14 23:38:35,62.456,-114.3525,45.41,73,20,18.41
17,Ukiah,US,2021-10-14 23:35:48,39.1502,-123.2078,80.58,27,1,9.22
18,Kununurra,AU,2021-10-14 23:39:19,-15.7667,128.7333,82.38,69,51,2.3
19,Gewane,ET,2021-10-14 23:39:20,10.1664,40.6453,82.35,39,31,4.43
20,Makakilo City,US,2021-10-14 23:39:20,21.3469,-158.0858,82.72,66,90,10.36
21,Ushuaia,AR,2021-10-14 23:37:20,-54.8,-68.3,42.46,49,20,13.8
22,Rikitea,PF,2021-10-14 23:38:55,-23.1203,-134.9692,74.66,71,80,5.19
23,Quelimane,MZ,2021-10-14 23:39:21,-17.8786,36.8883,75.69,78,69,6.13
24,Ngama,TD,2021-10-14 23:39:22,11.7833,17.1667,73.54,81,95,8.93
25,Leningradskiy,RU,2021-10-14 23:39:22,69.3833,178.4167,18.93,92,100,9.22
26,Cidreira,BR,2021-10-14 23:39:23,-30.1811,-50.2056,67.55,94,70,11.83
27,Port Elizabeth,ZA,2021-10-14 23:37:43,-33.918,25.5701,59.29,94,20,4.61
28,Bredasdorp,ZA,2021-10-14 23:34:58,-34.5322,20.0403,52.29,89,78,2.21
29,Victoria,HK,2021-10-14 23:36:45,22.2855,114.1577,81.32,84,100,8.99
30,Chuy,UY,2021-10-14 23:39:24,-33.6971,-53.4616,61.2,94,92,4.76
31,Fandriana,MG,2021-10-14 23:39:24,-20.2333,47.3833,51.62,94,16,2.68
32,Port Alfred,ZA,2021-10-14 23:39:24,-33.5906,26.891,62.69,74,100,12.66
33,Busselton,AU,2021-10-14 23:38:59,-33.65,115.3333,57.04,68,81,11.36
34,Gazanjyk,TM,2021-10-14 23:39:25,39.2446,55.5154,61.77,19,57,3.04
35,Northam,GB,2021-10-14 23:39:25,51.0333,-4.2167,58.6,90,100,9.51
36,Nador,MA,2021-10-14 23:39:26,35.174,-2.9287,66.45,82,0,4.61
37,Albany,US,2021-10-14 23:36:13,42.6001,-73.9662,66.63,86,88,4.14
38,Provideniya,RU,2021-10-14 23:39:26,64.3833,-173.3,32.11,59,75,15.66
39,Jamestown,US,2021-10-14 23:38:44,42.097,-79.2353,71.24,83,1,5.75
40,Santa Cruz De La Palma,ES,2021-10-14 23:39:27,28.6835,-17.7642,73.54,64,90,8.05
41,Avarua,CK,2021-10-14 23:39:28,-21.2078,-159.775,78.85,69,81,8.05
42,Lishui,CN,2021-10-14 23:39:28,28.4604,119.9103,75.25,93,96,1.19
43,Cape Town,ZA,2021-10-14 23:37:06,-33.9258,18.4232,59.09,79,75,1.01
44,Eydhafushi,MV,2021-10-14 23:39:29,5.1033,73.0708,82.98,80,100,23.51
45,Mountain Home,US,2021-10-14 23:34:53,43.133,-115.6912,54.34,32,1,17.27
46,Carnarvon,AU,2021-10-14 23:39:29,-24.8667,113.6333,66.27,88,0,5.75
47,Najran,SA,2021-10-14 23:39:30,17.4924,44.1277,66.85,22,16,4.45
48,San Patricio,US,2021-10-14 23:39:30,28.017,-97.5169,84.29,81,50,12.91
49,Franklin,US,2021-10-14 23:39:31,39.9667,-83.0166,79.12,71,75,5.75
50,Mar Del Plata,AR,2021-10-14 23:38:42,-38.0023,-57.5575,53.1,28,90,1.01
51,Vaini,TO,2021-10-14 23:38:54,-21.2,-175.2,82.56,74,20,12.66
52,San Quintin,MX,2021-10-14 23:39:31,30.4833,-115.95,68.43,55,0,11.65
53,Hermanus,ZA,2021-10-14 23:38:45,-34.4187,19.2345,57.9,82,100,2.59
54,Luderitz,NA,2021-10-14 23:39:32,-26.6481,15.1594,55.51,89,11,11.86
55,Cabo San Lucas,MX,2021-10-14 23:38:30,22.8909,-109.9124,86.61,69,20,16.11
56,Puksoozero,RU,2021-10-14 23:39:33,62.5903,40.6066,37.69,97,100,2.82
57,Lavrentiya,RU,2021-10-14 23:39:33,65.5833,-171.0,31.14,75,100,12.39
58,Grindavik,IS,2021-10-14 23:39:34,63.8424,-22.4338,43.27,75,75,20.71
59,Barwani,IN,2021-10-14 23:39:34,22.0333,74.9,74.97,58,61,2.33
60,Lichinga,MZ,2021-10-14 23:39:35,-13.3128,35.2406,63.84,60,20,7.74
61,Kargil,IN,2021-10-14 23:39:35,34.5667,76.1,36.97,33,0,1.97
62,Bengkulu,ID,2021-10-14 23:38:47,-3.8004,102.2655,75.94,85,99,3.13
63,Isla Vista,US,2021-10-14 23:39:36,34.4133,-119.861,80.08,46,1,9.22
64,Bambous Virieux,MU,2021-10-14 23:39:36,-20.3428,57.7575,71.85,83,40,6.91
65,Flinders,AU,2021-10-14 23:39:36,-34.5833,150.8552,59.81,43,60,7.52
66,Nanga Eboko,CM,2021-10-14 23:39:37,4.6833,12.3667,69.57,96,75,2.8
67,Saint-Paul,RE,2021-10-14 23:39:37,-21.0096,55.2707,71.71,91,82,1.99
68,Vardo,NO,2021-10-14 23:39:07,70.3705,31.1107,37.02,94,100,18.59
69,Tura,IN,2021-10-14 23:39:38,25.5198,90.2201,74.77,86,100,3.4
70,Ancud,CL,2021-10-14 23:39:38,-41.8697,-73.8203,45.93,72,16,9.19
71,Hilo,US,2021-10-14 23:38:01,19.7297,-155.09,78.53,81,90,8.05
72,Butaritari,KI,2021-10-14 23:39:39,3.0707,172.7902,82.45,73,17,14.74
73,Rurrenabaque,BO,2021-10-14 23:39:40,-14.4413,-67.5278,89.22,47,95,3.65
74,Salalah,OM,2021-10-14 23:39:03,17.0151,54.0924,77.09,57,20,3.44
75,Port Hedland,AU,2021-10-14 23:39:41,-20.3167,118.5667,75.25,46,1,4.61
76,Berlevag,NO,2021-10-14 23:39:41,70.8578,29.0864,36.73,88,100,9.75
77,Iqaluit,CA,2021-10-14 23:38:43,63.7506,-68.5145,31.73,69,90,8.99
78,Palm City,US,2021-10-14 23:39:42,27.1678,-80.2662,82.45,76,20,8.05
79,Punta Arenas,CL,2021-10-14 23:36:43,-53.15,-70.9167,44.71,65,40,19.57
80,Zunyi,CN,2021-10-14 23:39:42,27.6867,106.9072,61.3,96,100,2.33
81,Sabaudia,IT,2021-10-14 23:39:43,41.3003,13.0282,53.51,53,0,7.31
82,Mujiayingzi,CN,2021-10-14 23:39:43,42.1167,118.7833,48.76,48,58,4.05
83,Bayir,TR,2021-10-14 23:39:44,37.2687,28.2167,63.12,91,2,5.61
84,Qaanaaq,GL,2021-10-14 23:38:39,77.484,-69.3632,13.71,78,79,4.14
85,Olafsvik,IS,2021-10-14 23:39:44,64.8945,-23.7142,43.95,78,89,23.62
86,East London,ZA,2021-10-14 23:38:41,-33.0153,27.9116,63.36,74,100,8.68
87,Bandundu,CD,2021-10-14 23:39:45,-3.3167,17.3667,72.99,93,76,3.09
88,Hasaki,JP,2021-10-14 23:39:45,35.7333,140.8333,66.6,63,0,1.3
89,Gympie,AU,2021-10-14 23:39:46,-26.1898,152.665,77.99,60,88,7.43
90,Mataura,NZ,2021-10-14 23:38:42,-46.1927,168.8643,56.91,46,61,5.19
91,Dikson,RU,2021-10-14 23:39:46,73.5069,80.5464,32.13,99,100,6.8
92,Atuona,PF,2021-10-14 23:38:53,-9.8,-139.0333,77.67,80,18,15.9
93,Namibe,AO,2021-10-14 23:39:47,-15.1961,12.1522,63.57,90,42,5.95
94,Zalari,RU,2021-10-14 23:39:47,53.5584,102.5065,17.56,69,0,1.83
95,Hokitika,NZ,2021-10-14 23:39:48,-42.7167,170.9667,53.85,64,85,4.36
96,Dunedin,NZ,2021-10-14 23:39:10,-45.8742,170.5036,56.8,48,88,5.99
97,Bethel,US,2021-10-14 23:39:48,41.3712,-73.414,68.58,84,1,0.0
98,Ponta Do Sol,PT,2021-10-14 23:38:55,32.6667,-17.1,69.71,75,11,1.59
99,Pyskowice,PL,2021-10-14 23:39:49,50.4,18.6333,48.34,86,99,8.99
100,Nemuro,JP,2021-10-14 23:39:49,43.3236,145.575,58.96,89,100,11.5
101,Ribeira Grande,PT,2021-10-14 23:39:02,38.5167,-28.7,70.83,88,86,11.43
102,Anadyr,RU,2021-10-14 23:39:50,64.75,177.4833,21.7,79,0,11.18
103,Ashland,US,2021-10-14 23:35:07,40.8167,-82.2665,75.96,73,100,6.67
104,Barrow,US,2021-10-14 23:35:43,71.2906,-156.7887,26.62,80,90,23.02
105,New Norfolk,AU,2021-10-14 23:39:07,-42.7826,147.0587,58.66,88,100,1.01
106,Slave Lake,CA,2021-10-14 23:39:51,55.2834,-114.769,48.18,61,1,4.61
107,Callaway,US,2021-10-14 23:39:52,30.153,-85.5699,80.53,85,1,1.99
108,Sioux Lookout,CA,2021-10-14 23:39:52,50.1001,-91.917,50.07,87,90,12.66
109,Hithadhoo,MV,2021-10-14 23:39:52,-0.6,73.0833,83.3,78,100,24.27
110,Lata,PT,2021-10-14 23:38:39,40.1629,-8.3327,61.81,57,100,1.12
111,Odweyne,SO,2021-10-14 23:39:53,9.4092,45.064,72.18,30,43,10.42
112,Tasiilaq,GL,2021-10-14 23:39:53,65.6145,-37.6368,46.56,59,99,11.83
113,Faya,SA,2021-10-14 23:39:54,18.3851,42.4509,60.91,25,1,4.61
114,Barra Patuca,HN,2021-10-14 23:39:55,15.8,-84.2833,81.45,75,8,10.27
115,Mount Darwin,ZW,2021-10-14 23:39:55,-16.7725,31.5838,62.47,73,1,0.63
116,Gilgit,PK,2021-10-14 23:39:55,35.9221,74.3087,60.06,31,0,2.48
117,Sitka,US,2021-10-14 23:39:56,57.0531,-135.33,42.69,87,90,4.61
118,Khorramshahr,IR,2021-10-14 23:39:56,30.4397,48.1664,82.36,26,0,6.91
119,Tiznit,MA,2021-10-14 23:39:57,29.5833,-9.5,67.26,57,2,1.34
120,Somerset West,ZA,2021-10-14 23:39:57,-34.084,18.8211,59.04,89,96,1.99
121,Goderich,CA,2021-10-14 23:39:58,43.7501,-81.7165,71.92,83,86,4.61
122,Saldanha,ZA,2021-10-14 23:39:58,-33.0117,17.9442,53.65,81,60,7.56
123,Chenzhou,CN,2021-10-14 23:39:58,25.8,113.0333,59.99,98,100,3.53
124,Oak Harbor,US,2021-10-14 23:39:59,48.2932,-122.6432,58.57,76,75,5.01
125,Kilindoni,TZ,2021-10-14 23:39:59,-7.9139,39.6668,77.38,79,22,12.57
126,Pevek,RU,2021-10-14 23:38:51,69.7008,170.3133,19.6,92,100,4.38
127,Clyde River,CA,2021-10-14 23:40:00,70.4692,-68.5914,23.27,72,65,5.32
128,Porto Velho,BR,2021-10-14 23:38:13,-8.7619,-63.9039,82.45,78,20,2.3
129,Medea,DZ,2021-10-14 23:40:01,36.2642,2.7539,50.45,74,0,3.24
130,Rosario,AR,2021-10-14 23:35:17,-32.9468,-60.6393,56.95,67,0,1.01
131,Ostrovnoy,RU,2021-10-14 23:40:02,68.0531,39.5131,36.68,83,81,18.84
132,Gudari,IN,2021-10-14 23:40:03,19.35,83.7833,75.2,96,100,3.33
133,Newton,US,2021-10-14 23:36:17,42.337,-71.2092,69.01,82,1,0.0
134,Estreito,BR,2021-10-14 23:40:04,-5.7833,-43.25,86.36,34,100,2.06
135,Dandong,CN,2021-10-14 23:40:04,40.1292,124.3947,57.96,71,100,7.36
136,Kavieng,PG,2021-10-14 23:40:05,-2.5744,150.7967,84.25,74,40,10.04
137,Agnibilekrou,CI,2021-10-14 23:40:06,7.1344,-3.2047,68.76,96,85,2.75
138,Inndyr,NO,2021-10-14 23:40:06,67.0338,14.0276,36.77,84,94,3.87
139,Castro,BR,2021-10-14 23:37:52,-24.7911,-50.0119,59.88,96,55,2.86
140,Saint-Philippe,RE,2021-10-14 23:40:08,-21.3585,55.7679,71.19,84,36,11.03
141,Sur,OM,2021-10-14 23:40:08,22.5667,59.5289,79.54,41,0,3.27
142,Kapaa,US,2021-10-14 23:40:09,22.0752,-159.319,82.38,71,75,5.99
143,Ahipara,NZ,2021-10-14 23:40:09,-35.1667,173.1667,60.12,52,3,6.15
144,Mayo,US,2021-10-14 23:40:10,38.8876,-76.5119,72.41,89,1,0.0
145,Tres Arroyos,AR,2021-10-14 23:40:10,-38.3739,-60.2798,45.45,88,97,4.43
146,Tuktoyaktuk,CA,2021-10-14 23:40:11,69.4541,-133.0374,28.4,100,75,4.61
147,Mehriz,IR,2021-10-14 23:40:12,31.5917,54.4318,59.5,27,0,5.06
148,Porto Novo,BJ,2021-10-14 23:36:01,6.4965,2.6036,82.22,85,8,5.1
149,Altay,CN,2021-10-14 23:40:13,47.8667,88.1167,34.03,39,0,9.55
150,Laredo,US,2021-10-14 23:36:13,27.5064,-99.5075,96.8,46,1,0.0
151,Beringovskiy,RU,2021-10-14 23:38:50,63.05,179.3167,20.86,75,25,9.42
152,Rock Sound,BS,2021-10-14 23:40:13,24.9,-76.2,82.09,73,10,9.24
153,Muisne,EC,2021-10-14 23:40:14,0.6,-80.0333,74.08,85,100,9.82
154,Dicabisagan,PH,2021-10-14 23:40:14,17.0818,122.4157,79.86,86,67,3.85
155,Thompson,CA,2021-10-14 23:40:14,55.7435,-97.8558,39.36,100,90,8.05
156,Kodiak,US,2021-10-14 23:39:05,57.79,-152.4072,47.71,43,1,21.85
157,Luorong,CN,2021-10-14 23:40:15,24.4058,109.6086,67.6,77,27,12.59
158,Te Anau,NZ,2021-10-14 23:40:15,-45.4167,167.7167,54.82,58,57,1.72
159,Cherskiy,RU,2021-10-14 23:38:53,68.75,161.3,8.64,95,99,6.78
160,Moron,AR,2021-10-14 23:40:16,-34.6534,-58.6198,58.75,63,65,7.0
161,Kastamonu,TR,2021-10-14 23:40:16,41.5,33.6667,46.67,97,6,2.66
162,Alofi,NU,2021-10-14 23:40:17,-19.0595,-169.9187,80.49,57,75,6.91
163,Chara,RU,2021-10-14 23:40:17,56.9064,118.2631,15.62,58,86,3.94
164,Esperance,AU,2021-10-14 23:40:18,-33.8667,121.9,53.44,69,73,10.85
165,Kibala,TD,2021-10-14 23:40:18,9.1104,18.3463,73.35,94,0,6.91
166,Kuala Terengganu,MY,2021-10-14 23:40:19,5.3302,103.1408,78.75,100,20,2.3
167,Hamilton,US,2021-10-14 23:37:40,39.1834,-84.5333,77.36,77,20,3.44
168,Enid,US,2021-10-14 23:40:19,36.3956,-97.8784,68.16,80,1,4.61
169,Sakakah,SA,2021-10-14 23:40:20,29.9697,40.2064,81.97,20,58,5.08
170,Longyearbyen,SJ,2021-10-14 23:40:21,78.2186,15.6401,28.24,80,75,9.22
171,Semenivka,UA,2021-10-14 23:40:21,52.1783,32.5818,37.49,88,40,7.87
172,Manado,ID,2021-10-14 23:40:22,1.487,124.8455,83.17,89,20,1.14
173,Arraial Do Cabo,BR,2021-10-14 23:38:43,-22.9661,-42.0278,73.36,88,75,21.85
174,Nakhon Phanom,TH,2021-10-14 23:40:22,17.3333,104.4167,70.57,96,100,4.81
175,Lompoc,US,2021-10-14 23:40:23,34.6391,-120.4579,81.01,52,1,14.97
176,Flin Flon,CA,2021-10-14 23:40:23,54.7682,-101.865,37.24,93,90,13.8
177,Kloulklubed,PW,2021-10-14 23:40:24,7.0419,134.2556,82.9,74,91,13.15
178,Ixtapa,MX,2021-10-14 23:40:25,20.7,-105.2,87.03,62,20,6.91
179,Lac-Megantic,CA,2021-10-14 23:40:26,45.5834,-70.8823,60.82,93,88,0.85
180,Hobyo,SO,2021-10-14 23:40:26,5.3505,48.5268,77.63,86,84,17.9
181,Dumka,IN,2021-10-14 23:40:26,24.2667,87.25,77.9,79,52,4.21
182,Curitibanos,BR,2021-10-14 23:40:27,-27.2828,-50.5844,62.76,95,43,2.59
183,Mount Isa,AU,2021-10-14 23:37:57,-20.7333,139.5,74.97,17,62,16.11
184,Cayenne,GF,2021-10-14 23:40:28,4.9333,-52.3333,81.09,82,0,1.01
185,Fairbanks,US,2021-10-14 23:40:05,64.8378,-147.7164,33.76,71,75,0.0
186,Xixiang,CN,2021-10-14 23:40:29,35.1628,112.865,61.09,62,99,7.67
187,Axim,GH,2021-10-14 23:40:29,4.8699,-2.2405,78.22,89,95,6.85
188,Houma,US,2021-10-14 23:40:30,29.5958,-90.7195,84.2,81,40,6.91
189,Itarema,BR,2021-10-14 23:40:30,-2.9248,-39.9167,79.36,84,2,16.51
190,Ossora,RU,2021-10-14 23:40:31,59.2353,163.0719,34.52,72,70,11.77
191,Inhambane,MZ,2021-10-14 23:40:31,-23.865,35.3833,73.72,89,99,13.04
192,Lapithos,CY,2021-10-14 23:40:31,35.3375,33.1792,65.08,64,0,7.34
193,Khor,RU,2021-10-14 23:40:32,47.8861,134.9464,36.23,74,42,10.02
194,Salekhard,RU,2021-10-14 23:40:32,66.53,66.6019,40.39,89,100,9.8
195,Ivot,RU,2021-10-14 23:40:33,53.6756,34.1872,39.4,91,84,6.58
196,Meru,KE,2021-10-14 23:40:33,0.0463,37.6559,59.31,84,41,4.12
197,Mount Gambier,AU,2021-10-14 23:40:33,-37.8333,140.7667,51.71,93,90,12.66
198,Kenitra,MA,2021-10-14 23:40:34,34.261,-6.5802,70.72,50,2,1.14
199,Ko Samui,TH,2021-10-14 23:40:34,9.5357,99.9357,82.47,74,100,19.37
200,Nanortalik,GL,2021-10-14 23:39:04,60.1432,-45.2371,39.65,65,5,3.94
201,Torbay,CA,2021-10-14 23:35:42,47.6666,-52.7314,47.75,96,90,18.41
202,Bilibino,RU,2021-10-14 23:40:35,68.0546,166.4372,-1.68,98,98,0.74
203,Ketchikan,US,2021-10-14 23:40:35,55.3422,-131.6461,46.87,93,90,18.41
204,Kokopo,PG,2021-10-14 23:40:36,-4.352,152.2633,85.08,67,23,4.0
205,Port Lincoln,AU,2021-10-14 23:40:36,-34.7333,135.8667,58.57,70,31,19.48
206,Batemans Bay,AU,2021-10-14 23:40:36,-35.7167,150.1833,59.2,54,94,1.77
207,Port Moresby,PG,2021-10-14 23:40:37,-9.4431,147.1797,78.22,89,40,11.5
208,Touros,BR,2021-10-14 23:40:37,-5.1989,-35.4608,77.9,81,18,14.85
209,Sao Filipe,CV,2021-10-14 23:40:38,14.8961,-24.4956,78.64,75,98,8.08
210,Portland,US,2021-10-14 23:40:30,45.5234,-122.6762,60.46,88,90,3.0
211,Bathsheba,BB,2021-10-14 23:40:40,13.2167,-59.5167,83.01,83,40,18.41
212,Coquimbo,CL,2021-10-14 23:40:40,-29.9533,-71.3436,58.73,67,0,14.97
213,Hearst,CA,2021-10-14 23:40:40,49.6835,-83.6665,59.25,85,67,7.94
214,Jega,NG,2021-10-14 23:40:41,12.2175,4.3792,82.92,35,34,3.51
215,Cockburn Town,TC,2021-10-14 23:40:41,21.4612,-71.1419,82.74,75,10,13.87
216,Swan River,CA,2021-10-14 23:40:42,52.1058,-101.2676,42.69,75,100,11.5
217,Buin,CL,2021-10-14 23:40:42,-33.7333,-70.75,61.12,54,17,7.52
218,Nelson Bay,AU,2021-10-14 23:40:43,-32.7167,152.15,70.0,62,34,4.0
219,Kirovsk,UA,2021-10-14 23:40:44,48.6375,38.6428,43.34,75,100,3.04
220,Sola,VU,2021-10-14 23:40:44,-13.8833,167.55,84.87,66,75,0.0
221,Antofagasta,CL,2021-10-14 23:40:44,-23.65,-70.4,58.28,85,17,7.09
222,Vila Franca Do Campo,PT,2021-10-14 23:40:45,37.7167,-25.4333,73.81,95,100,15.26
223,Gizo,SB,2021-10-14 23:40:45,-8.103,156.8419,85.51,66,57,4.68
224,Okhotsk,RU,2021-10-14 23:40:46,59.3833,143.3,21.67,68,4,17.22
225,Upernavik,GL,2021-10-14 23:40:46,72.7868,-56.1549,31.93,72,100,7.38
226,Malmyzh,RU,2021-10-14 23:40:47,56.5205,50.6818,50.23,32,100,17.45
227,Simbahan,PH,2021-10-14 23:40:47,6.3032,120.5836,83.68,71,100,2.98
228,Yenagoa,NG,2021-10-14 23:40:48,4.9247,6.2642,75.6,94,28,3.51
229,Okha,RU,2021-10-14 23:40:49,53.5739,142.9478,36.39,78,100,21.56
230,Verkhneuralsk,RU,2021-10-14 23:40:49,53.8769,59.2106,34.0,74,100,5.53
231,Katsuura,JP,2021-10-14 23:40:49,35.1333,140.3,68.14,67,0,4.92
232,Straumen,NO,2021-10-14 23:40:50,63.8709,11.2999,46.4,74,100,19.51
233,Choya,RU,2021-10-14 23:40:50,52.0108,86.5467,30.42,94,5,2.93
234,Fukue,JP,2021-10-14 23:40:51,32.6881,128.8419,71.96,94,40,6.91
235,San Luis,AR,2021-10-14 23:40:51,-33.295,-66.3356,48.52,46,14,14.81
236,Krasnoselkup,RU,2021-10-14 23:40:52,65.7,82.4667,39.0,96,100,23.53
237,Ayan,RU,2021-10-14 23:40:52,56.45,138.1667,28.56,48,75,12.1
238,Los Llanos De Aridane,ES,2021-10-14 23:40:53,28.6585,-17.9182,69.55,78,90,8.05
239,Aklavik,CA,2021-10-14 23:40:53,68.2191,-135.0107,32.0,86,90,6.91
240,Broome,US,2021-10-14 23:40:53,42.2506,-75.833,66.58,66,1,3.44
241,Severo-Kurilsk,RU,2021-10-14 23:40:54,50.6789,156.125,46.47,97,100,10.63
242,Suining,CN,2021-10-14 23:40:54,30.508,105.5733,58.39,79,100,6.8
243,Saint George,US,2021-10-14 23:37:36,37.1041,-113.5841,70.63,26,1,4.0
244,Komsomolskiy,UZ,2021-10-14 23:40:55,40.4272,71.7189,50.72,50,0,11.5
245,Lorengau,PG,2021-10-14 23:40:55,-2.0226,147.2712,86.23,68,50,7.81
246,Bodden Town,KY,2021-10-14 23:40:56,19.2833,-81.25,82.92,84,20,1.01
247,Airai,TL,2021-10-14 23:40:56,-8.9266,125.4092,72.23,60,96,0.92
248,Poum,NC,2021-10-14 23:40:56,-20.2333,164.0167,74.95,71,31,11.99
249,Buluang,PH,2021-10-14 23:40:57,13.3068,123.3425,78.76,89,94,1.16
250,Neepawa,CA,2021-10-14 23:36:12,50.2289,-99.4664,44.82,83,100,12.64
251,Orange,US,2021-10-14 23:40:58,33.7,-117.7675,86.88,30,1,3.0
252,College,US,2021-10-14 23:37:03,64.8569,-147.8028,33.75,72,75,0.0
253,Taoudenni,ML,2021-10-14 23:40:58,22.6783,-3.9836,88.16,12,10,7.31
254,Miri,MY,2021-10-14 23:40:59,4.4148,114.0089,78.94,94,20,3.44
255,Catamarca,AR,2021-10-14 23:40:59,-28.4696,-65.7852,74.59,69,73,17.56
256,Hofn,IS,2021-10-14 23:40:59,64.2539,-15.2082,42.04,43,31,10.07
257,Biak,ID,2021-10-14 23:41:00,-0.9131,122.8766,81.28,75,23,4.36
258,Musoma,TZ,2021-10-14 23:41:01,-1.5,33.8,72.37,68,93,7.63
259,Kavaratti,IN,2021-10-14 23:41:01,10.5669,72.642,81.41,82,55,3.56
260,Akyab,MM,2021-10-14 23:41:02,20.15,92.9,79.56,90,100,5.59
261,Bambanglipuro,ID,2021-10-14 23:41:03,-7.95,110.2833,78.75,72,90,5.55
262,Kiunga,PG,2021-10-14 23:41:03,-6.1219,141.2906,84.87,67,87,2.04
263,Kendari,ID,2021-10-14 23:41:03,-3.945,122.4989,79.03,81,100,2.84
264,Guerrero Negro,MX,2021-10-14 23:41:04,27.9769,-114.0611,73.33,47,0,11.92
265,Barcelos,PT,2021-10-14 23:41:04,41.5388,-8.6151,63.91,49,73,2.73
266,Chokurdakh,RU,2021-10-14 23:38:46,70.6333,147.9167,9.48,97,100,1.79
267,Nanakuli,US,2021-10-14 23:41:05,21.3906,-158.1547,84.15,73,90,10.36
268,Kushiro,JP,2021-10-14 23:41:06,42.975,144.3747,58.15,94,75,4.61
269,Beaufort,MY,2021-10-14 23:39:20,5.3473,115.7455,78.96,76,81,2.13
270,Asau,RO,2021-10-14 23:41:06,46.4333,26.4,42.4,91,100,1.59
271,Keti Bandar,PK,2021-10-14 23:41:07,24.1447,67.4497,79.72,57,0,10.49
272,Vila,PT,2021-10-14 23:41:07,42.0304,-8.1588,53.33,86,74,2.51
273,Nikolskoye,RU,2021-10-14 23:41:08,59.7035,30.7861,40.89,77,42,4.54
274,Grand-Santi,GF,2021-10-14 23:41:08,4.25,-54.3833,75.6,78,91,3.58
275,Vao,NC,2021-10-14 23:41:09,-22.6667,167.4833,69.49,75,99,14.47
276,Tiksi,RU,2021-10-14 23:41:09,71.6872,128.8694,8.74,95,100,7.16
277,Saint-Augustin,CA,2021-10-14 23:41:10,51.226,-58.6502,48.06,77,88,11.74
278,Banapur,IN,2021-10-14 23:41:10,19.7833,85.1833,78.98,89,100,6.6
279,Acajutla,SV,2021-10-14 23:41:11,13.5928,-89.8275,89.94,81,70,6.8
280,Wuzhou,CN,2021-10-14 23:41:12,23.4833,111.3167,66.63,82,87,4.05
281,Padang,ID,2021-10-14 23:41:12,-0.9492,100.3543,71.65,79,100,3.22
282,Aykhal,RU,2021-10-14 23:41:12,66.0,111.5,0.1,99,77,8.81
283,Nouadhibou,MR,2021-10-14 23:41:13,20.931,-17.0347,67.98,88,57,19.57
284,Hit,IQ,2021-10-14 23:41:14,33.6416,42.8251,81.77,26,59,6.58
285,Vershino-Darasunskiy,RU,2021-10-14 23:41:14,52.35,115.5167,15.8,68,100,13.73
286,Muros,ES,2021-10-14 23:41:15,42.7762,-9.0603,60.84,65,37,3.04
287,Constitucion,CL,2021-10-14 23:41:15,-35.3333,-72.4167,48.72,74,4,14.23
288,Vieksniai,LT,2021-10-14 23:41:16,56.2333,22.5167,45.37,93,100,13.76
289,Puerto Escondido,MX,2021-10-14 23:39:06,15.85,-97.0667,86.83,62,40,10.36
290,Iwanai,JP,2021-10-14 23:41:16,42.9744,140.5089,58.73,84,99,9.48
291,Ipixuna,BR,2021-10-14 23:41:17,-1.7625,-48.8043,84.15,73,67,8.81
292,Durgeli,RU,2021-10-14 23:41:17,42.667,47.2944,45.86,87,82,1.07
293,Eagle Pass,US,2021-10-14 23:37:24,28.7091,-100.4995,91.98,47,1,10.36
294,Mana,GF,2021-10-14 23:41:18,5.6592,-53.7767,79.52,85,56,10.74
295,Kota Kinabalu,MY,2021-10-14 23:38:33,5.9749,116.0724,76.98,78,20,8.05
296,Arlit,NE,2021-10-14 23:41:18,18.7369,7.3853,84.67,16,4,9.22
297,Banikoara,BJ,2021-10-14 23:41:19,11.2985,2.4386,78.17,52,79,5.12
298,Lumeje,AO,2021-10-14 23:41:19,-11.55,20.7833,73.08,22,30,1.05
299,Mehamn,NO,2021-10-14 23:41:20,71.0357,27.8492,34.92,95,100,5.68
300,Pula,HR,2021-10-14 23:41:20,44.8683,13.8481,50.86,57,0,10.36
301,Vavoua,CI,2021-10-14 23:41:20,7.3819,-6.4778,72.1,93,19,1.41
302,North Bend,US,2021-10-14 23:41:21,43.4065,-124.2243,67.24,85,1,8.05
303,Codrington,AU,2021-10-14 23:41:21,-38.2667,141.9667,53.65,94,99,17.2
304,Neiafu,TO,2021-10-14 23:41:22,-18.65,-173.9833,79.48,65,20,6.91
305,Chapais,CA,2021-10-14 23:41:22,49.7834,-74.8492,58.78,92,98,4.88
306,Kahului,US,2021-10-14 23:41:23,20.8947,-156.47,84.22,68,40,23.02
307,Bakel,SN,2021-10-14 23:41:23,14.905,-12.4568,87.98,29,4,9.37
308,Ust-Nera,RU,2021-10-14 23:41:23,64.5667,143.2,18.57,72,100,5.12
309,Salmon Creek,US,2021-10-14 23:41:24,45.7107,-122.649,59.79,94,90,3.44
310,Tuatapere,NZ,2021-10-14 23:41:24,-46.1333,167.6833,53.71,58,18,7.16
311,Nuuk,GL,2021-10-14 23:41:25,64.1835,-51.7216,38.01,93,90,9.22
312,Estelle,US,2021-10-14 23:41:25,29.8458,-90.1067,83.01,74,75,9.22
313,Omboue,GA,2021-10-14 23:41:26,-1.5746,9.2618,77.77,86,74,6.31
314,Baruun-Urt,MN,2021-10-14 23:41:26,46.6806,113.2792,19.33,42,0,21.94
315,Maceio,BR,2021-10-14 23:39:46,-9.6658,-35.7353,80.04,89,40,8.05
316,Dukat,RU,2021-10-14 23:41:27,62.55,155.55,9.64,91,89,3.49
317,Rocha,UY,2021-10-14 23:41:27,-34.4833,-54.3333,56.77,96,34,3.69
318,Mogadishu,SO,2021-10-14 23:41:28,2.0371,45.3438,77.68,79,29,13.2
319,Odemira,PT,2021-10-14 23:41:28,37.598,-8.6397,62.17,87,81,1.57
320,Dingle,PH,2021-10-14 23:41:29,10.9995,122.6711,80.91,84,99,2.53
321,Minna,NG,2021-10-14 23:41:29,9.6139,6.5569,80.31,83,0,2.3
322,Gurupi,BR,2021-10-14 23:41:30,-11.7292,-49.0686,80.69,60,36,1.23
323,Kijang,KR,2021-10-14 23:41:30,35.2442,129.2139,65.93,60,0,5.7
324,Kon Tum,VN,2021-10-14 23:41:31,14.35,108.0,69.76,99,100,0.38
325,Starkville,US,2021-10-14 23:39:33,33.4504,-88.8184,80.26,84,1,0.0
326,Hambantota,LK,2021-10-14 23:41:31,6.1241,81.1185,79.63,84,82,17.76
327,Dubti,ET,2021-10-14 23:41:32,11.7361,41.0853,85.01,34,13,8.1
328,Xining,CN,2021-10-14 23:41:24,36.6167,101.7667,36.25,89,100,1.92
329,Fortuna,US,2021-10-14 23:41:32,40.5982,-124.1573,73.18,67,1,3.0
330,Oktyabrskoye,RU,2021-10-14 23:41:33,43.0645,44.7417,46.54,100,78,2.24
331,Lipin Bor,RU,2021-10-14 23:41:33,60.2622,37.9763,42.89,92,100,8.41
332,Coahuayana,MX,2021-10-14 23:41:34,18.7333,-103.6833,81.95,79,8,3.71
333,Paamiut,GL,2021-10-14 23:41:34,61.994,-49.6678,38.17,74,23,12.41
334,Buclad,PH,2021-10-14 23:41:35,7.5278,125.7506,80.62,84,98,0.31
335,Synya,RU,2021-10-14 23:41:35,65.3718,58.0387,42.39,96,100,6.13
336,Ponta Delgada,PT,2021-10-14 23:41:36,37.7333,-25.6667,74.12,94,75,16.11
337,Nouakchott,MR,2021-10-14 23:39:19,18.0858,-15.9785,75.13,75,2,18.16
338,Novocheremshansk,RU,2021-10-14 23:41:36,54.3571,50.1666,49.62,34,96,15.12
339,Vigrestad,NO,2021-10-14 23:41:37,58.5667,5.7,49.59,74,100,30.27
340,Kampene,CD,2021-10-14 23:41:37,-3.6,26.6667,67.48,99,100,2.33
341,Viedma,AR,2021-10-14 23:41:37,-40.8135,-62.9967,50.18,34,85,7.74
342,Riyadh,SA,2021-10-14 23:36:56,24.6877,46.7219,75.34,22,0,4.0
343,Deputatskiy,RU,2021-10-14 23:41:38,69.3,139.9,9.64,93,97,2.1
344,Dawei,MM,2021-10-14 23:41:38,14.0833,98.2,75.69,97,100,4.12
345,Elizabeth City,US,2021-10-14 23:41:39,36.2946,-76.2511,71.6,85,1,8.05
346,Geraldton,AU,2021-10-14 23:38:38,-28.7667,114.6,59.41,63,2,0.0
347,Washougal,US,2021-10-14 23:41:14,45.5826,-122.3534,60.13,94,75,4.61
348,Kajaani,FI,2021-10-14 23:41:40,64.2273,27.7285,41.05,93,90,16.11
349,The Pas,CA,2021-10-14 23:41:40,53.8251,-101.2541,39.22,87,90,16.11
350,Lodeynoye Pole,RU,2021-10-14 23:41:41,60.726,33.5531,34.95,96,36,3.15
351,Narsaq,GL,2021-10-14 23:38:50,60.9167,-46.05,30.42,49,18,3.65
352,Daru,PG,2021-10-14 23:41:41,-9.0763,143.2092,78.93,85,100,8.5
353,Korhogo,CI,2021-10-14 23:41:42,9.45,-5.6333,75.11,80,45,2.3
354,Mengcheng,CN,2021-10-14 23:41:42,33.2579,116.5655,61.9,88,100,6.42
355,Santa Maria,BR,2021-10-14 23:41:43,-29.6842,-53.8069,70.9,94,20,2.3
356,Halifax,CA,2021-10-14 23:41:28,44.6453,-63.5724,57.25,92,91,1.01
357,Nabire,ID,2021-10-14 23:41:44,-3.3667,135.4833,85.05,56,45,0.98
358,Oeiras,BR,2021-10-14 23:41:45,-7.0253,-42.1311,88.68,29,89,4.41
359,Nara,JP,2021-10-14 23:41:45,34.6851,135.8049,69.26,61,0,2.44
360,Kanniyakumari,IN,2021-10-14 23:41:46,8.0833,77.5667,79.92,85,74,15.26
361,Grafton,US,2021-10-14 23:41:46,42.207,-71.6856,67.68,81,96,1.39
362,San Policarpo,PH,2021-10-14 23:41:46,12.1791,125.5072,78.78,85,97,3.67
363,Laguna De Perlas,NI,2021-10-14 23:41:48,12.3429,-83.6712,82.49,81,99,8.32
364,Meulaboh,ID,2021-10-14 23:41:49,4.1363,96.1285,76.77,84,99,2.73
365,Kaeo,NZ,2021-10-14 23:41:49,-35.1,173.7833,66.33,56,2,5.48
366,Baft,IR,2021-10-14 23:41:49,29.234,56.6057,54.75,26,0,8.55
367,Myaundzha,RU,2021-10-14 23:41:50,63.0494,147.1858,13.41,81,100,4.83
368,Qasigiannguit,GL,2021-10-14 23:41:51,68.8193,-51.1922,32.25,99,100,2.73
369,Luanda,AO,2021-10-14 23:38:46,-8.8368,13.2343,75.2,88,20,6.91
370,Klaksvik,FO,2021-10-14 23:41:51,62.2266,-6.589,40.12,64,98,21.56
371,Colquechaca,BO,2021-10-14 23:41:52,-18.6667,-66.0167,46.54,32,35,9.06
372,Phonhong,LA,2021-10-14 23:41:52,18.5007,102.4166,73.22,97,100,0.47
373,Carutapera,BR,2021-10-14 23:41:53,-1.195,-46.02,79.72,77,71,8.86
374,Port Blair,IN,2021-10-14 23:41:53,11.6667,92.75,78.84,89,90,5.75
375,Aranda De Duero,ES,2021-10-14 23:41:54,41.6704,-3.6892,54.54,31,100,2.3
376,Itoman,JP,2021-10-14 23:41:54,26.1247,127.6694,81.37,80,20,8.05
377,Kurchum,KZ,2021-10-14 23:41:55,48.5722,83.6542,38.7,50,0,4.0
378,Sturgis,US,2021-10-14 23:41:55,41.7992,-85.4192,62.64,2,100,1.77
379,Tsumeb,NA,2021-10-14 23:41:56,-19.2333,17.7167,62.15,13,0,8.34
380,Uchkent,RU,2021-10-14 23:41:56,43.1143,47.0826,52.14,89,60,1.86
381,Bougouni,ML,2021-10-14 23:41:57,11.417,-7.479,77.22,65,39,3.15
382,Linxi,CN,2021-10-14 23:41:57,39.7,118.4333,57.96,71,96,3.44
383,Bonao,DO,2021-10-14 23:37:22,18.9369,-70.4092,80.58,96,98,3.51
384,Caravelas,BR,2021-10-14 23:41:58,-17.7125,-39.2481,75.99,89,3,9.78
385,Whitehorse,CA,2021-10-14 23:41:58,60.7161,-135.0538,43.02,59,75,15.99
386,Zhigansk,RU,2021-10-14 23:38:42,66.7697,123.3711,9.72,97,97,8.05
387,Zhangye,CN,2021-10-14 23:41:59,38.9342,100.4517,40.19,44,71,2.37
388,Samut Songkhram,TH,2021-10-14 23:41:59,13.4,99.9583,76.91,83,100,1.54
389,Chapar,IN,2021-10-14 23:42:00,26.2667,90.4667,75.72,83,98,2.8
390,Petropavlovka,RU,2021-10-14 23:42:00,50.6114,105.3196,10.06,89,14,4.29
391,Acarau,BR,2021-10-14 23:42:01,-2.8856,-40.12,79.5,84,2,17.81
392,Krasnoturansk,RU,2021-10-14 23:42:01,54.3186,91.5639,16.59,65,0,3.53
393,Husavik,IS,2021-10-14 23:42:02,66.0449,-17.3389,42.71,70,22,13.94
394,Laguna,US,2021-10-14 23:42:03,38.421,-121.4238,80.69,20,1,4.0
395,Salinopolis,BR,2021-10-14 23:42:03,-0.6136,-47.3561,81.34,75,55,12.21
396,Biu,NG,2021-10-14 23:42:04,10.6129,12.1946,73.83,32,71,1.45
397,Akonolinga,CM,2021-10-14 23:42:04,3.7667,12.25,68.25,99,93,3.18
398,Kolda,SN,2021-10-14 23:42:05,12.8833,-14.95,80.91,89,12,0.0
399,Maniitsoq,GL,2021-10-14 23:42:05,65.4167,-52.9,38.44,87,100,9.53
400,Alice Springs,AU,2021-10-14 23:42:05,-23.7,133.8833,63.95,27,0,11.5
401,Erenhot,CN,2021-10-14 23:42:06,43.6475,111.9767,29.55,29,0,13.67
402,Puerto Madero,MX,2021-10-14 23:42:06,14.7208,-92.4215,82.62,75,52,7.76
403,Beian,NO,2021-10-14 23:42:07,63.6559,9.5683,47.01,81,75,20.71
404,Mahibadhoo,MV,2021-10-14 23:42:07,3.7833,72.9667,83.21,78,100,25.68
405,Westport,US,2021-10-14 23:38:52,41.1415,-73.3579,72.18,82,1,1.99
406,Kutum,SD,2021-10-14 23:42:08,14.2,24.6667,76.37,55,29,8.28
407,Kargasok,RU,2021-10-14 23:42:08,59.0556,80.8572,37.49,97,100,8.05
408,Rochegda,RU,2021-10-14 23:42:09,62.8,43.25,41.74,94,100,3.09
409,Anloga,GH,2021-10-14 23:42:09,5.7947,0.8973,80.82,83,91,7.52
410,Graham,US,2021-10-14 23:42:09,47.0529,-122.2943,57.92,78,90,1.01
411,Noumea,NC,2021-10-14 23:42:10,-22.2763,166.4572,78.78,68,56,13.98
412,Alta Gracia,AR,2021-10-14 23:42:10,-31.6529,-64.4283,52.38,55,84,13.6
413,Kamenka,RU,2021-10-14 23:42:11,51.3223,42.7678,45.91,69,100,11.21
414,Samana,DO,2021-10-14 23:42:11,19.2056,-69.3369,82.36,87,100,2.59
415,Mnogovershinnyy,RU,2021-10-14 23:42:12,53.9353,139.9242,29.07,91,100,10.51
416,Mao,ES,2021-10-14 23:42:12,39.8885,4.2658,61.36,63,0,4.61
417,Pangnirtung,CA,2021-10-14 23:41:46,66.1451,-65.7125,25.9,67,6,3.85
418,Sao Gabriel Da Cachoeira,BR,2021-10-14 23:42:13,-0.1303,-67.0892,82.09,70,85,1.61
419,Ucluelet,CA,2021-10-14 23:37:31,48.9329,-125.5528,54.09,92,100,4.41
420,Sayat,TM,2021-10-14 23:42:13,38.7839,63.8803,42.67,28,2,8.23
421,Montepulciano,IT,2021-10-14 23:42:14,43.1017,11.7868,48.96,69,0,6.64
422,Cranbrook,CA,2021-10-14 23:42:14,49.4999,-115.7688,47.26,36,40,6.91
423,Norman Wells,CA,2021-10-14 23:42:15,65.282,-126.8329,24.84,80,75,5.75
424,Shenavan,AM,2021-10-14 23:42:15,40.0549,43.9288,58.51,37,90,1.74
425,Youkounkoun,GN,2021-10-14 23:42:16,12.5333,-13.1333,77.76,63,16,3.33
426,Yar-Sale,RU,2021-10-14 23:42:16,66.8333,70.8333,39.06,88,96,12.28
427,Shimoda,JP,2021-10-14 23:42:17,34.6667,138.95,73.76,76,78,4.07
428,Cap-Aux-Meules,CA,2021-10-14 23:42:17,47.3821,-61.8597,48.25,81,20,8.05
429,Concord,US,2021-10-14 23:41:49,37.978,-122.0311,82.92,21,1,1.01
430,Soyo,AO,2021-10-14 23:42:18,-6.1349,12.3689,75.83,83,1,6.31
431,Arkadelphia,US,2021-10-14 23:42:18,34.1209,-93.0538,76.66,88,90,0.0
432,Port-Gentil,GA,2021-10-14 23:42:19,-0.7193,8.7815,78.76,83,75,11.5
433,Trikala,GR,2021-10-14 23:42:19,39.5553,21.7675,52.97,85,100,4.76
434,Faanui,PF,2021-10-14 23:38:58,-16.4833,-151.75,80.35,74,100,9.98
435,Veraval,IN,2021-10-14 23:42:20,20.9,70.3667,79.5,47,34,10.71
436,Ondo,NG,2021-10-14 23:42:20,7.1,4.8333,72.03,99,64,1.81
437,Aksu,CN,2021-10-14 23:42:21,41.1231,80.2644,45.59,32,0,2.98
438,Tual,ID,2021-10-14 23:42:21,-5.6667,132.75,84.04,76,81,10.0
439,San Cristobal,VE,2021-10-14 23:42:21,7.7669,-72.225,75.38,90,100,1.14
440,Teahupoo,PF,2021-10-14 23:42:22,-17.8333,-149.2667,78.76,78,88,10.89
441,Halden,NO,2021-10-14 23:42:22,59.1226,11.3871,54.63,76,90,17.0
442,Nhulunbuy,AU,2021-10-14 23:42:23,-12.2333,136.7667,84.81,65,87,5.75
443,Changping,CN,2021-10-14 23:42:23,40.2186,116.2197,58.51,55,98,8.99
444,Severo-Yeniseyskiy,RU,2021-10-14 23:42:24,60.3725,93.0408,24.17,72,100,13.35
445,Buri,BR,2021-10-14 23:42:24,-23.7975,-48.5928,67.21,85,96,2.66
446,Bulihan,PH,2021-10-14 23:42:25,14.2697,120.9955,76.68,91,100,3.09
447,Terrace Bay,CA,2021-10-14 23:42:25,48.7834,-87.1,53.22,81,84,19.84
448,Kodino,RU,2021-10-14 23:42:26,63.7198,39.6447,34.54,96,44,3.27
449,Oistins,BB,2021-10-14 23:42:26,13.0667,-59.5333,82.49,83,40,18.41
450,Webuye,KE,2021-10-14 23:42:27,0.6075,34.7697,62.31,77,51,4.56
451,Naze,JP,2021-10-14 23:39:47,28.3667,129.4833,77.92,80,19,8.5
452,Tripoli,LY,2021-10-14 23:40:50,32.8752,13.1875,69.89,49,58,21.07
453,Gushikawa,JP,2021-10-14 23:41:33,26.3544,127.8686,80.6,79,20,9.22
454,Ouadda,CF,2021-10-14 23:42:28,8.0777,22.4007,68.9,95,97,2.39
455,Omaruru,NA,2021-10-14 23:42:28,-21.4333,15.9333,65.82,31,0,4.88
456,Kapit,MY,2021-10-14 23:42:28,2.0167,112.9333,79.09,92,93,1.28
457,Sao Jose Da Coroa Grande,BR,2021-10-14 23:42:29,-8.8978,-35.1478,77.7,85,3,10.71
458,Alugan,PH,2021-10-14 23:42:29,12.2188,125.4808,78.48,85,98,3.36
459,Koumac,NC,2021-10-14 23:42:30,-20.5667,164.2833,78.26,62,81,6.42
460,Dhidhdhoo,MV,2021-10-14 23:42:30,6.8833,73.1,81.95,80,76,24.9
461,Victor Harbor,AU,2021-10-14 23:42:31,-35.5667,138.6167,60.8,77,72,3.0
462,Key West,US,2021-10-14 23:38:45,24.5557,-81.7826,86.0,69,1,8.05
463,Thunder Bay,CA,2021-10-14 23:42:32,48.4001,-89.3168,54.28,75,90,11.5
464,Wajima,JP,2021-10-14 23:42:32,37.4,136.9,66.88,88,20,5.75
465,Sauce,UY,2021-10-14 23:42:32,-34.6469,-56.0628,64.02,80,15,2.55
466,Waitati,NZ,2021-10-14 23:42:33,-45.75,170.5667,56.8,48,73,1.77
467,Port Hardy,CA,2021-10-14 23:38:53,50.6996,-127.4199,50.18,87,75,14.97
468,Lagoa,PT,2021-10-14 23:42:33,39.05,-27.9833,69.94,90,86,12.73
469,Bantou,CN,2021-10-14 23:42:34,26.2151,117.4893,75.69,88,99,2.68
470,Ahuimanu,US,2021-10-14 23:42:34,21.4447,-157.8378,83.91,67,40,16.11
471,Calabozo,VE,2021-10-14 23:42:34,8.9242,-67.4293,80.92,69,99,4.79
472,Placido De Castro,BR,2021-10-14 23:42:35,-10.3353,-67.1856,88.45,45,100,4.09
473,Jamalpur,BD,2021-10-14 23:42:35,24.9167,89.9333,78.66,83,100,4.61
474,Abalak,RU,2021-10-14 23:42:36,58.1286,68.5944,39.58,88,5,5.61
475,Plauen,DE,2021-10-14 23:42:26,50.5,12.1333,49.78,93,88,3.0
476,Micheweni,TZ,2021-10-14 23:42:37,-4.9667,39.8333,75.72,88,62,6.15
477,Boulder,US,2021-10-14 23:40:49,40.0833,-105.3505,39.2,75,75,0.0
478,La Ronge,CA,2021-10-14 23:42:38,55.1001,-105.2842,41.25,81,90,8.05
479,Manggar,ID,2021-10-14 23:42:38,-2.8833,108.2667,83.35,76,93,8.14
480,The Valley,AI,2021-10-14 23:42:39,18.217,-63.0578,81.1,83,20,2.3
481,Strezhevoy,RU,2021-10-14 23:42:40,60.7333,77.5889,40.98,93,90,10.74
482,Tete,MZ,2021-10-14 23:42:40,-16.1564,33.5867,77.09,61,75,8.05
483,Tautira,PF,2021-10-14 23:42:41,-17.7333,-149.15,84.22,76,88,10.83
484,Santiago Tuxtla,MX,2021-10-14 23:42:41,18.4667,-95.3,79.02,87,42,3.36
485,Saint-Pierre,RE,2021-10-14 23:38:59,-21.3393,55.4781,71.28,83,75,5.75
486,Sarakhs,IR,2021-10-14 23:42:42,36.5449,61.1577,53.74,35,92,2.3
487,Okoneshnikovo,RU,2021-10-14 23:42:42,54.8377,75.0834,44.1,77,96,4.81
488,Karpogory,RU,2021-10-14 23:42:43,64.0019,44.4451,38.75,93,100,3.65
489,Digby,CA,2021-10-14 23:42:43,44.6169,-65.7655,57.58,86,84,9.46
490,Kralendijk,BQ,2021-10-14 23:42:43,12.15,-68.2667,84.18,79,0,12.66
491,Bichis,RO,2021-10-14 23:42:44,46.3667,24.1,42.01,87,99,1.41
492,Bairiki,KI,2021-10-14 23:42:44,1.3292,172.9752,86.0,66,75,9.22
493,Severnyy,RU,2021-10-14 23:42:45,50.677,36.5532,39.24,93,0,6.71
494,Maarianhamina,AX,2021-10-14 23:42:45,60.0973,19.9348,51.66,87,90,16.11
495,Tilichiki,RU,2021-10-14 23:42:46,60.4667,166.1,24.62,50,35,7.94
496,Guiberoua,CI,2021-10-14 23:42:46,6.2392,-6.1727,72.3,100,83,3.24
497,Santa Lucia,ES,2021-10-14 23:42:46,27.9117,-15.5407,65.12,70,40,12.66
498,Amapa,BR,2021-10-14 23:42:47,1.0,-52.0,79.32,56,30,6.85
499,Kruisfontein,ZA,2021-10-14 23:42:47,-34.0033,24.7314,56.88,80,100,5.82
500,Staraya Kulatka,RU,2021-10-14 23:42:48,52.7167,47.6167,51.6,68,100,12.77
501,Madona,LV,2021-10-14 23:42:48,56.8533,26.217,36.43,87,69,7.09
502,Rajanpur,PK,2021-10-14 23:42:48,29.1035,70.325,74.71,9,0,2.24
503,Aasiaat,GL,2021-10-14 23:42:49,68.7098,-52.8699,33.3,94,100,3.71
504,Auki,SB,2021-10-14 23:42:49,-8.7676,160.7034,83.44,75,50,2.3
505,Bereda,ES,2021-10-14 23:42:50,43.2686,-7.5406,54.41,100,95,1.86
506,Benjamin Hill,MX,2021-10-14 23:42:50,30.1667,-111.1,75.79,12,0,5.86
507,Kerema,PG,2021-10-14 23:42:50,-7.9631,145.7785,76.57,88,100,8.48
508,Vilyuysk,RU,2021-10-14 23:42:51,63.7553,121.6247,17.02,85,100,5.91
509,Ust-Ilimsk,RU,2021-10-14 23:42:51,58.0006,102.6619,16.77,76,40,4.36
510,Fort Nelson,CA,2021-10-14 23:42:52,58.8053,-122.7002,56.79,23,40,3.44
511,Zonguldak,TR,2021-10-14 23:42:52,41.25,31.8333,51.46,67,0,5.1
512,Karoi,ZW,2021-10-14 23:42:52,-16.8099,29.6925,64.24,52,1,7.43
513,Kodinsk,RU,2021-10-14 23:42:53,58.6881,99.1844,20.91,66,81,3.94
514,Kontagora,NG,2021-10-14 23:42:53,10.3999,5.4695,75.83,73,8,1.74
515,Santiago,CL,2021-10-14 23:42:54,-33.4569,-70.6483,60.24,46,75,6.91
516,Amga,RU,2021-10-14 23:42:54,60.8953,131.9608,19.85,85,97,4.34
517,Diamantino,BR,2021-10-14 23:42:55,-14.4086,-56.4461,80.1,70,73,5.95
518,Novo Aripuana,BR,2021-10-14 23:42:55,-5.1206,-60.3797,85.64,46,78,3.04
519,Newcastle,AU,2021-10-14 23:38:36,-32.9272,151.7765,69.71,51,35,4.0
520,Kelo,TD,2021-10-14 23:42:56,9.3086,15.8066,74.17,72,99,2.3
521,Basco,PH,2021-10-14 23:42:57,20.4487,121.9702,82.51,76,69,23.4
522,Bilsi,IN,2021-10-14 23:42:57,28.1333,78.9167,72.7,44,0,4.61
523,Sol-Iletsk,RU,2021-10-14 23:42:57,51.1631,54.9918,44.62,36,75,8.77
524,Beira,MZ,2021-10-14 23:42:58,-19.8436,34.8389,74.23,81,15,7.61
525,Diveyevo,RU,2021-10-14 23:42:59,55.0433,43.2418,43.16,91,100,19.15
526,Pontianak,ID,2021-10-14 23:42:59,-0.0333,109.3333,75.18,94,40,3.44
527,Aquiraz,BR,2021-10-14 23:43:00,-3.9014,-38.3911,81.18,83,9,13.44
528,Walvis Bay,NA,2021-10-14 23:43:00,-22.9575,14.5053,58.08,94,1,2.3
529,Hirara,JP,2021-10-14 23:43:00,24.8,125.2833,80.46,89,40,8.05
530,Batagay-Alyta,RU,2021-10-14 23:43:01,67.8006,130.4114,11.61,77,81,3.71
531,Bemidji,US,2021-10-14 23:38:40,47.4736,-94.8803,46.15,83,90,13.8
532,Bilma,NE,2021-10-14 23:43:02,18.6853,12.9164,80.85,15,4,11.34
533,Robertsport,LR,2021-10-14 23:43:02,6.7533,-11.3686,78.15,86,85,9.73
534,Mae Hong Son,TH,2021-10-14 23:43:03,19.3003,97.9685,73.71,94,100,2.24
535,Vicuna,CL,2021-10-14 23:43:03,-30.0319,-70.7081,66.78,55,0,0.96
536,Orapa,BW,2021-10-14 23:43:03,-21.2833,25.3667,72.66,11,0,9.33
537,Fostoria,US,2021-10-14 23:43:04,41.157,-83.4169,76.71,86,94,6.22
538,Buala,SB,2021-10-14 23:43:04,-8.145,159.5921,85.66,67,50,4.34
539,Tula,RU,2021-10-14 23:43:05,54.2044,37.6111,42.55,83,100,18.3
540,Turukhansk,RU,2021-10-14 23:43:06,65.8167,87.9833,32.31,99,100,22.28
541,George,ZA,2021-10-14 23:43:07,-33.963,22.4617,53.15,94,20,2.3
542,Waqqas,JO,2021-10-14 23:43:07,32.5427,35.6053,75.38,64,23,2.13
543,Kirakira,SB,2021-10-14 23:43:08,-10.4544,161.9205,84.63,72,62,4.92
544,Saint-Leu,RE,2021-10-14 23:43:08,-21.15,55.2833,70.66,92,41,2.89
545,Kangaba,ML,2021-10-14 23:43:09,11.9333,-8.4167,76.96,64,92,1.45
546,Eden,US,2021-10-14 23:42:42,36.4885,-79.7667,74.55,56,100,2.82
547,Katangli,RU,2021-10-14 23:43:09,51.7102,143.2326,35.51,98,100,27.56
548,Bacolod,PH,2021-10-14 23:41:45,10.6667,122.95,81.36,80,100,2.55
549,Coos Bay,US,2021-10-14 23:43:10,43.3665,-124.2179,69.85,85,1,8.05
550,Qinhuangdao,CN,2021-10-14 23:42:06,39.9317,119.5883,59.36,65,100,5.48
551,Nyurba,RU,2021-10-14 23:43:10,63.2842,118.3319,19.4,92,82,3.4
552,Denpasar,ID,2021-10-14 23:37:28,-8.65,115.2167,78.46,83,20,3.44
553,Teguise,ES,2021-10-14 23:43:11,29.0605,-13.564,70.02,73,75,8.05
554,Sabha,LY,2021-10-14 23:43:12,27.0377,14.4283,71.29,32,1,9.04
555,Praya,CV,2021-10-14 23:43:12,14.9215,-23.5087,77.54,78,75,12.66
556,Amahai,ID,2021-10-14 23:43:12,-3.3333,128.9167,83.95,72,76,0.98
557,Yamada,JP,2021-10-14 23:43:13,39.4667,141.95,68.02,64,50,4.09
558,Peniche,PT,2021-10-14 23:43:13,39.3558,-9.3811,72.63,71,100,4.59
559,Inirida,CO,2021-10-14 23:41:29,3.8653,-67.9239,79.88,79,50,1.97
560,Rio Grande,BR,2021-10-14 23:38:58,-32.035,-52.0986,70.95,85,71,6.67
561,Morant Bay,JM,2021-10-14 23:43:14,17.8815,-76.4093,83.82,82,13,5.91
562,Ustrzyki Dolne,PL,2021-10-14 23:43:14,49.4304,22.5938,37.13,100,9,5.88
563,Hrubieszow,PL,2021-10-14 23:43:15,50.805,23.8925,39.74,72,58,9.73
564,Carlos Chagas,BR,2021-10-14 23:43:15,-17.7031,-40.7664,75.72,76,29,9.04
565,Mozarlandia,BR,2021-10-14 23:43:16,-14.7447,-50.5706,80.46,60,48,9.91
566,Longhua,CN,2021-10-14 23:43:16,23.6137,114.1919,71.11,98,100,2.93
567,Qobustan,AZ,2021-10-14 23:43:16,40.0824,49.412,60.91,78,50,10.04
568,Manama,BH,2021-10-14 23:40:50,26.2154,50.5832,84.18,79,0,4.61
569,Ambulu,ID,2021-10-14 23:43:17,-8.345,113.6058,78.51,71,83,1.16
570,Evinayong,GQ,2021-10-14 23:43:18,1.4368,10.5512,68.05,100,98,2.86
571,Erdenet,MN,2021-10-14 23:43:18,49.0333,104.0833,15.69,79,100,0.69
572,Pokrovsk,UA,2021-10-14 23:43:19,48.282,37.1758,43.75,70,100,3.15
573,Darnah,LY,2021-10-14 23:43:19,32.767,22.6367,67.46,70,94,5.93
574,Vagur,FO,2021-10-14 23:43:20,61.4732,-6.8119,42.87,60,87,22.32
575,El Carmen,CO,2021-10-14 23:43:20,8.5106,-73.4478,70.97,98,100,2.42
576,Leh,IN,2021-10-14 23:43:21,34.1667,77.5833,39.94,22,0,2.15
577,Yinchuan,CN,2021-10-14 23:42:21,38.4681,106.2731,49.1,26,100,4.09
578,Kiruna,SE,2021-10-14 23:43:21,67.8557,20.2251,23.92,93,100,1.14
579,Siguiri,GN,2021-10-14 23:43:22,11.6667,-9.5,77.94,70,48,3.0
580,Beloha,MG,2021-10-14 23:43:22,-25.1667,45.05,72.09,44,0,2.35
